,
-604558080,4.838665376
-604316160,4.845176609
-604074240,5.15799566
-603832320,5.637875537
-603590400,5.52068984
-603348480,5.626337455
-603106560,5.350546016
-602864640,5.356983409
-602622720,5.385813812
-602380800,5.403905805
-602138880,5.666347771
-601896960,5.764141558
-601655040,5.902474461
-601413120,6.012859315
-601171200,5.82967892
-600929280,5.852244969
-600687360,6.185159775
-600445440,5.927106567
-600203520,5.855694969
-599961600,5.866180267
-599719680,5.905205796
-599477760,5.848887404
-599235840,6.016660289
-598993920,5.936596504
-598752000,6.169696946
-598510080,6.31315934
-598268160,6.264737529
-598026240,6.385849157
-597784320,6.478062101
-597542400,6.524344505
-597300480,6.620179982
-597058560,6.438393197
-596816640,6.513465595
-596574720,6.443065671
-596332800,6.531194005
-596090880,6.571118272
-595848960,6.545468115
-595607040,6.418972609
-595365120,6.693884574
-595123200,6.601721613
-594881280,6.524867254
-594639360,6.446837408
-594397440,6.550387437
-594155520,6.263461298
-593913600,6.315621507
-593671680,6.299669556
-593429760,6.317647164
-593187840,6.362240967
-592945920,6.664304133
-592704000,6.437558316
-592462080,6.594327789
-592220160,6.543168932
-591978240,6.557973945
-591736320,6.575689233
-591494400,6.6541072
-591252480,6.552579313
-591010560,6.814237632
-590768640,6.71427925
-590526720,6.928067062
-590284800,6.82446661
-590042880,6.926026147
-589800960,6.919605077
-589559040,7.061943955
-589317120,6.862193228
-589075200,6.880207825
-588833280,6.746610058
-588591360,6.71917695
-588349440,6.672826066
-588107520,6.701449892
-587865600,6.562534409
-587623680,6.51669263
-587381760,6.534141671
-587139840,6.644532262
-586897920,6.50541046
-586656000,6.563202359
-586414080,6.339706503
-586172160,6.29419895
-585930240,6.38165085
-585688320,6.336516076
-585446400,6.164896743
-585204480,6.012195181
-584962560,5.986157306
-584720640,6.062303349
-584478720,5.936789752
-584236800,5.877609959
-583994880,5.895719408
-583752960,5.722354914
-583511040,5.790586771
-583269120,5.703702072
-583027200,5.576884736
-582785280,5.51950763
-582543360,5.435709208
-582301440,5.482643506
-582059520,5.359546934
-581817600,5.365520685
-581575680,5.203537938
-581333760,5.189481521
-581091840,5.013701219
-580849920,5.014927808
-580608000,5.036503236
-580366080,5.02258229
-580124160,4.994482064
-579882240,5.018351887
-579640320,4.919710041
-579398400,4.850331605
-579156480,4.833059733
-578914560,4.730520239
-578672640,4.834666197
-578430720,4.800651515
-578188800,4.69779646
-577946880,4.750136349
-577704960,4.637712177
-577463040,4.683585468
-577221120,4.587269229
-576979200,4.534205358
-576737280,4.461
-576495360,4.553043803
-576253440,4.484598307
-576011520,4.464474794
-575769600,4.374492223
-575527680,4.461231244
-575285760,4.390646927
-575043840,4.350760953
-574801920,4.450679782
-574560000,4.372369554
-574318080,4.297794088
-574076160,4.469044197
-573834240,4.5297871
-573592320,4.509027654
-573350400,4.385334061
-573108480,4.323397129
-572866560,4.390797921
-572624640,4.419036354
-572382720,4.28782622
-572140800,4.217421283
-571898880,4.164420698
-571656960,4.163409943
-571415040,4.221105363
-571173120,4.210766711
-570931200,4.248449994
-570689280,4.288272696
-570447360,4.251693102
-570205440,4.157352614
-569963520,4.165268118
-569721600,4.069311089
-569479680,4.054195313
-569237760,4.094333902
-568995840,4.035707986
-568753920,3.928399803
-568512000,3.933765053
-568270080,3.955425422
-568028160,3.939669764
-567786240,3.861547813
-567544320,3.791703552
-567302400,3.842362712
-567060480,3.968041694
-566818560,3.93731561
-566576640,3.805664166
-566334720,3.761303008
-566092800,3.799392863
-565850880,3.74855196
-565608960,3.662899091
-565367040,3.6692397
-565125120,3.718458566
-564883200,3.810189875
-564641280,3.822251225
-564399360,3.778616054
-564157440,3.873270211
-563915520,3.932760409
-563673600,3.807245898
-563431680,3.902134933
-563189760,4.035338647
-562947840,4.089437168
-562705920,4.095269422
-562464000,4.129357159
-562222080,4.116841616
-561980160,4.176233407
-561738240,4.155690392
-561496320,4.103347852
-561254400,4.054035629
-561012480,4.132298375
-560770560,4.072523732
-560528640,4.027142065
-560286720,3.987549406
-560044800,4.020367972
-559802880,4.04853084
-559560960,4.089849698
-559319040,4.096469789
-559077120,4.098221113
-558835200,4.033572693
-558593280,3.997828427
-558351360,3.985928307
-558109440,3.927144372
-557867520,3.84464682
-557625600,3.859037671
-557383680,3.839163782
-557141760,3.800646645
-556899840,3.757498592
-556657920,3.785991938
-556416000,3.712213714
-556174080,3.764
-555932160,3.64481448
-555690240,3.666248523
-555448320,3.675447766
-555206400,3.679626002
-554964480,3.687800951
-554722560,3.658797421
-554480640,3.562116626
-554238720,3.500920148
-553996800,3.479635898
-553754880,3.449544359
-553512960,3.381751992
-553271040,3.460231756
-553029120,3.427443479
-552787200,3.44491711
-552545280,3.427475236
-552303360,3.435875644
-552061440,3.316158893
-551819520,3.241707237
-551577600,3.190221101
-551335680,3.26742377
-551093760,3.181758721
-550851840,3.127218711
-550609920,3.084760316
-550368000,3.224367718
-550126080,3.117635711
-549884160,3.078854684
-549642240,3.018143593
-549400320,3.086596384
-549158400,3.006688249
-548916480,2.952675656
-548674560,2.895045924
-548432640,2.861889339
-548190720,2.812206445
-547948800,2.812621214
-547706880,2.767533924
-547464960,2.93937126
-547223040,2.858247704
-546981120,2.847713852
-546739200,2.834906064
-546497280,2.8674764
-546255360,2.807473883
-546013440,2.769758093
-545771520,2.695102633
-545529600,2.726912784
-545287680,2.709574197
-545045760,2.698158781
-544803840,2.686016472
-544561920,2.781155219
-544320000,2.748826101
-544078080,2.696026264
-543836160,2.731639656
-543594240,2.759353831
-543352320,2.724702884
-543110400,2.781340301
-542868480,2.718417512
-542626560,2.710957166
-542384640,2.683093359
-542142720,2.667589512
-541900800,2.64204609
-541658880,2.697774999
-541416960,2.667437792
-541175040,2.64834199
-540933120,2.651274353
-540691200,2.64413214
-540449280,2.573827192
-540207360,2.561011946
-539965440,2.525153132
-539723520,2.513722414
-539481600,2.550049514
-539239680,2.573702974
-538997760,2.622558642
-538755840,2.756045764
-538513920,2.744070577
-538272000,2.74801082
-538030080,2.784733829
-537788160,2.80562166
-537546240,2.731392776
-537304320,2.739922877
-537062400,2.699968567
-536820480,2.708635912
-536578560,2.719867287
-536336640,2.787155651
-536094720,2.775394252
-535852800,2.881652698
-535610880,2.956202814
-535368960,2.924030195
-535127040,2.913810916
-534885120,2.979707963
-534643200,2.966817865
-534401280,3.033366054
-534159360,3.007466072
-533917440,3.05681638
-533675520,3.095712265
-533433600,3.175462108
-533191680,3.123297727
-532949760,3.268077027
-532707840,3.260444851
-532465920,3.267819358
-532224000,3.287906491
-531982080,3.367369355
-531740160,3.347786076
-531498240,3.387779841
-531256320,3.422416424
-531014400,3.434542561
-530772480,3.427692909
-530530560,3.500236119
-530288640,3.452451764
-530046720,3.498361915
-529804800,3.53557279
-529562880,3.667595828
-529320960,3.696777136
-529079040,3.762477393
-528837120,3.845579184
-528595200,3.78670668
-528353280,3.836444169
-528111360,3.802986653
-527869440,3.802115334
-527627520,3.729497793
-527385600,3.704698316
-527143680,3.716346338
-526901760,3.421464861
-526659840,3.40118307
-526417920,3.473385543
-526176000,3.554781875
-525934080,3.583226889
-525692160,3.655633915
-525450240,3.552670868
-525208320,3.60875822
-524966400,3.708823757
-524724480,3.637134724
-524482560,3.58878441
-524240640,3.77529693
-523998720,3.682037807
-523756800,3.683236326
-523514880,3.773579158
-523272960,3.785045916
-523031040,3.710107822
-522789120,3.739342129
-522547200,3.609869599
-522305280,3.702268202
-522063360,3.844770625
-521821440,4.017818217
-521579520,3.952152682
-521337600,4.035050724
-521095680,3.938744759
-520853760,3.986194159
-520611840,4.075787396
-520369920,4.189808329
-520128000,4.209804742
-519886080,4.247662186
-519644160,4.149910057
-519402240,4.057241388
-519160320,4.027919261
-518918400,3.972385199
-518676480,4.036149451
-518434560,4.111560004
-518192640,4.075349468
-517950720,4.021037473
-517708800,4.081353874
-517466880,4.248670608
-517224960,4.212062693
-516983040,4.244651445
-516741120,4.190108869
-516499200,4.211672077
-516257280,4.171834013
-516015360,4.237408252
-515773440,4.104765376
-515531520,4.145869372
-515289600,4.333040936
-515047680,4.327791524
-514805760,4.283945966
-514563840,4.287299906
-514321920,4.186275354
-514080000,4.163186225
-513838080,4.23315501
-513596160,4.178544217
-513354240,4.100799296
-513112320,4.086962274
-512870400,3.946540915
-512628480,3.999429555
-512386560,3.985170028
-512144640,3.942508778
-511902720,3.977717198
-511660800,4.043213317
-511418880,3.96911892
-511176960,4.014443364
-510935040,3.939468376
-510693120,3.939766373
-510451200,3.920229755
-510209280,3.918459687
-509967360,3.791481543
-509725440,3.902146638
-509483520,3.911994131
-509241600,3.999132114
-508999680,4.011536689
-508757760,4.075958233
-508515840,4.031944622
-508273920,4.122636264
-508032000,4.037044518
-507790080,3.945816698
-507548160,3.832393365
-507306240,3.873100581
-507064320,3.894093066
-506822400,4.129316312
-506580480,4.039481536
-506338560,3.990200295
-506096640,3.96525974
-505854720,4.062467956
-505612800,4.006546383
-505370880,4.067234462
-505128960,3.96467528
-504887040,3.945533618
-504645120,3.942673821
-504403200,3.967723477
-504161280,3.913223085
-503919360,3.933683042
-503677440,3.844076686
-503435520,3.793231788
-503193600,3.871629428
-502951680,3.910121406
-502709760,3.889658423
-502467840,3.921698444
-502225920,3.840671103
-501984000,3.933462906
-501742080,3.86618338
-501500160,3.826115852
-501258240,3.807389323
-501016320,3.862590981
-500774400,3.818571407
-500532480,3.879012953
-500290560,3.834378543
-500048640,3.879017716
-499806720,3.759130818
-499564800,3.78619052
-499322880,3.624729309
-499080960,3.648145779
-498839040,3.549285943
-498597120,3.71051452
-498355200,3.732428804
-498113280,3.6787772
-497871360,3.742413406
-497629440,3.620520561
-497387520,3.539287712
-497145600,3.592109299
-496903680,3.56873264
-496661760,3.596814216
-496419840,3.528707963
-496177920,3.443503042
-495936000,3.557773364
-495694080,3.55461799
-495452160,3.542167339
-495210240,3.554554676
-494968320,3.600673545
-494726400,3.524678807
-494484480,3.542315809
-494242560,3.567897903
-494000640,3.472866853
-493758720,3.412684779
-493516800,3.400658688
-493274880,3.347694513
-493032960,3.263623747
-492791040,3.332683149
-492549120,3.328760079
-492307200,3.404891667
-492065280,3.428721288
-491823360,3.461468929
-491581440,3.416849011
-491339520,3.3999748
-491097600,3.366956429
-490855680,3.359776001
-490613760,3.295538946
-490371840,3.275095622
-490129920,3.250219976
-489888000,3.319047803
-489646080,3.274466552
-489404160,3.257487372
-489162240,3.190916473
-488920320,3.128639632
-488678400,3.176165025
-488436480,3.184295015
-488194560,3.090523772
-487952640,3.090352304
-487710720,3.105782361
-487468800,3.105823227
-487226880,3.047132415
-486984960,3.036405302
-486743040,2.968822028
-486501120,2.944734044
-486259200,3.204177975
-486017280,3.177151617
-485775360,3.235786659
-485533440,3.32229379
-485291520,3.209649444
-485049600,3.207810836
-484807680,3.079985369
-484565760,3.123421855
-484323840,3.088956793
-484081920,3.041510328
-483840000,3.062651791
-483598080,3.174009335
-483356160,3.072434725
-483114240,3.062463026
-482872320,3.097739004
-482630400,3.144451602
-482388480,3.475923733
-482146560,2.76504437
-481904640,2.724413272
-481662720,2.803616271
-481420800,2.767664301
-481178880,2.696361535
-480936960,2.697548545
-480695040,3.088745958
-480453120,3.056302003
-480211200,3.004095167
-479969280,3.104332829
-479727360,2.355546623
-479485440,2.492638677
-479243520,2.883259401
-479001600,2.155807394
-478759680,1.894032102
-478517760,2.177194842
-478275840,2.370483781
-478033920,2.450964962
-477792000,2.285928912
-477550080,2.153846456
-477308160,1.596847818
-477066240,1.800613001
-476824320,2.040361853
-476582400,2.01720849
-476340480,1.952170256
-476098560,1.949660329
-475856640,2.00006043
-475614720,1.987455817
-475372800,1.983908192
-475130880,1.961205931
-474888960,2.041024539
-474647040,1.528972304
-474405120,1.587588166
-474163200,1.710075868
-473921280,1.997928515
-473679360,2.057613566
-473437440,1.964319179
-473195520,1.942439341
-472953600,1.944909966
-472711680,1.975797365
-472469760,1.86033444
-472227840,1.888312937
-471985920,1.90777684
-471744000,1.80016801
-471502080,1.837459985
-471260160,1.867717855
-471018240,1.902430239
-470776320,1.841951498
-470534400,1.876853314
-470292480,1.831268171
-470050560,1.83003026
-469808640,1.819475184
-469566720,1.812502935
-469324800,1.774513336
-469082880,1.939160484
-468840960,2.037155239
-468599040,2.034836957
-468357120,1.917939363
-468115200,2.002827845
-467873280,1.876933348
-467631360,1.904595731
-467389440,1.837500389
-467147520,1.888338998
-466905600,1.977949887
-466663680,2.05544926
-466421760,2.019955245
-466179840,2.132051251
-465937920,2.092441269
-465696000,2.1114012
-465454080,2.196142807
-465212160,2.148691767
-464970240,2.182647259
-464728320,2.202685427
-464486400,2.071952793
-464244480,2.095420821
-464002560,2.11596518
-463760640,2.173368589
-463518720,2.172690388
-463276800,2.186574517
-463034880,2.243125588
-462792960,2.257337116
-462551040,2.245564879
-462309120,2.297569236
-462067200,2.297712534
-461825280,2.269125469
-461583360,2.253868251
-461341440,2.42561327
-461099520,2.331016067
-460857600,2.4554177
-460615680,2.431844012
-460373760,2.555269087
-460131840,2.542926334
-459889920,2.561550683
-459648000,2.560015397
-459406080,2.607173652
-459164160,2.646852153
-458922240,2.731934633
-458680320,2.680579768
-458438400,2.657067098
-458196480,2.690096251
-457954560,2.77353455
-457712640,2.777382443
-457470720,2.848424671
-457228800,2.854078427
-456986880,2.846632519
-456744960,2.90926651
-456503040,2.990511617
-456261120,2.942589558
-456019200,3.044473949
-455777280,3.077140923
-455535360,3.065261732
-455293440,3.080013471
-455051520,3.151437996
-454809600,3.132100975
-454567680,3.211187517
-454325760,3.296457693
-454083840,3.32784111
-453841920,3.37149787
-453600000,3.421420488
-453358080,3.361380021
-453116160,3.399011179
-452874240,3.396159071
-452632320,3.440391487
-452390400,3.497374443
-452148480,3.465596362
-451906560,3.5249229
-451664640,3.62422641
-451422720,3.654337252
-451180800,3.72328442
-450938880,3.684426511
-450696960,3.791294881
-450455040,3.830170085
-450213120,3.890023346
-449971200,3.965761788
-449729280,3.916410897
-449487360,3.978
-449245440,3.861873746
-449003520,4.022344394
-448761600,3.947745705
-448519680,3.993063654
-448277760,3.93
-448035840,3.978488803
-447793920,4.233266287
-447552000,4.066424354
-447310080,4.128346766
-447068160,4.25764656
-446826240,4.125480031
-446584320,4.206246947
-446342400,4.143614892
-446100480,4.277628454
-445858560,4.480200132
-445616640,4.86160108
-445374720,4.610398865
-445132800,4.6415625
-444890880,5.43588784
-444648960,5.070653599
-444407040,5.352934738
-444165120,5.356232981
-443923200,5.222234079
-443681280,5.062854292
-443439360,5.24213351
-443197440,5.412373232
-442955520,5.636585181
-442713600,5.915307874
-442471680,5.834665373
-442229760,5.764854238
-441987840,5.890095068
-441745920,5.886754753
-441504000,5.986416503
-441262080,5.91386047
-441020160,5.822263979
-440778240,5.723970438
-440536320,5.771480239
-440294400,5.914032764
-440052480,5.929530552
-439810560,5.858214431
-439568640,5.892218906
-439326720,6.07318697
-439084800,6.109601485
-438842880,6.018868338
-438600960,6.100060905
-438359040,6.04495925
-438117120,6.105480649
-437875200,6.010865833
-437633280,5.916567276
-437391360,5.872979042
-437149440,5.805684915
-436907520,5.662546774
-436665600,5.809370739
-436423680,5.851006346
-436181760,5.878978589
-435939840,5.876791346
-435697920,5.92229709
-435456000,5.907088613
-435214080,5.986206677
-434972160,6.009136723
-434730240,6.020427102
-434488320,6.126559644
-434246400,6.091401585
-434004480,6.048381809
-433762560,6.19862587
-433520640,6.244961237
-433278720,6.230663845
-433036800,6.083271288
-432794880,5.973196645
-432552960,5.87145458
-432311040,6.015446903
-432069120,6.148437519
-431827200,6.179829757
-431585280,5.914902316
-431343360,5.850300566
-431101440,5.966506446
-430859520,6.03230042
-430617600,6.013748078
-430375680,5.960466357
-430133760,5.925017924
-429891840,5.976947398
-429649920,5.700619963
-429408000,5.775345928
-429166080,5.675313146
-428924160,5.837308913
-428682240,5.978719285
-428440320,5.944666667
-428198400,5.975914058
-427956480,6.043891296
-427714560,6.006842003
-427472640,5.935679055
-427230720,5.866815019
-426988800,5.885696652
-426746880,5.821684321
-426504960,5.91067536
-426263040,5.784399346
-426021120,5.660822845
-425779200,5.706739663
-425537280,5.879728776
-425295360,5.885475039
-425053440,5.856732997
-424811520,5.778363722
-424569600,5.852875406
-424327680,5.756052012
-424085760,5.712448296
-423843840,5.706201458
-423601920,5.64428876
-423360000,5.570008259
-423118080,5.558402561
-422876160,5.480394776
-422634240,5.500522747
-422392320,5.510744167
-422150400,5.512152985
-421908480,5.485190413
-421666560,5.361229567
-421424640,5.235556629
-421182720,5.388874556
-420940800,5.090466742
-420698880,5.29849454
-420456960,5.200044277
-420215040,5.152608426
-419973120,5.065443619
-419731200,5.021896549
-419489280,4.931372578
-419247360,4.896586377
-419005440,4.848938257
-418763520,4.883565756
-418521600,4.811719876
-418279680,4.718542283
-418037760,4.583
-417795840,4.497562218
-417553920,4.541486027
-417312000,4.576063865
-417070080,4.518323862
-416828160,4.831611123
-416586240,4.641142178
-416344320,4.448936427
-416102400,4.411368878
-415860480,4.340537377
-415618560,4.23602036
-415376640,4.174713353
-415134720,4.211912038
-414892800,4.114958818
-414650880,4.101663592
-414408960,4.120779938
-414167040,4.063964106
-413925120,4.126360095
-413683200,4.105190849
-413441280,4.051875848
-413199360,4.010156802
-412957440,4.010603025
-412715520,3.972024078
-412473600,4.040243647
-412231680,3.816064235
-411989760,3.815050892
-411747840,3.607550369
-411505920,3.609206847
-411264000,3.607327438
-411022080,3.726134967
-410780160,3.743125189
-410538240,3.605791221
-410296320,3.513375292
-410054400,3.477661119
-409812480,3.35990138
-409570560,3.344888749
-409328640,3.345599828
-409086720,3.336522715
-408844800,3.26596028
-408602880,3.3017574
-408360960,3.279210879
-408119040,3.481843729
-407877120,3.263994991
-407635200,3.267954876
-407393280,3.213319632
-407151360,3.247593618
-406909440,3.160902064
-406667520,3.105090625
-406425600,3.05886862
-406183680,3.162462246
-405941760,3.062925696
-405699840,3.129607941
-405457920,3.109244723
-405216000,3.164344256
-404974080,3.07168923
-404732160,3.124870094
-404490240,3.120727543
-404248320,3.129034707
-404006400,3.100352278
-403764480,3.285894538
-403522560,3.07157143
-403280640,3.076246032
-403038720,3.077134005
-402796800,3.126825265
-402554880,3.080965594
-402312960,3.15252071
-402071040,3.134675447
-401829120,3.204839474
-401587200,3.227278969
-401345280,3.31135156
-401103360,3.247853281
-400861440,3.237303924
-400619520,3.210654235
-400377600,3.167916827
-400135680,3.234697779
-399893760,3.315052678
-399651840,3.47672798
-399409920,3.813957962
-399168000,3.725408368
-398926080,3.796042305
-398684160,3.873417492
-398442240,4.007834542
-398200320,4.212938799
-397958400,4.412380952
-397716480,4.352664991
-397474560,4.48317517
-397232640,4.706904831
-396990720,4.866691414
-396748800,4.950224716
-396506880,5.304655733
-396264960,5.703901371
-396023040,6.090905332
-395781120,6.361288966
-395539200,6.556039223
-395297280,6.678681006
-395055360,6.938911695
-394813440,6.848777249
-394571520,6.982704104
-394329600,6.910735373
-394087680,7.214720223
-393845760,7.343707616
-393603840,7.317786845
-393361920,7.398419617
-393120000,7.711350308
-392878080,7.830873957
-392636160,8.005984396
-392394240,8.237471568
-392152320,8.282992767
-391910400,8.164572526
-391668480,8.150331657
-391426560,8.212895131
-391184640,8.362307367
-390942720,8.437696305
-390700800,8.346769156
-390458880,8.357021182
-390216960,8.304203852
-389975040,8.623468479
-389733120,9.26343776
-389491200,9.088755629
-389249280,9.061577194
-389007360,9.048411957
-388765440,9.080737742
-388523520,9.138871251
-388281600,9.38172425
-388039680,9.254749286
-387797760,8.971079309
-387555840,8.995567398
-387313920,9.087054982
-387072000,9.285734285
-386830080,9.423906241
-386588160,9.279550502
-386346240,9.380546461
-386104320,9.395518846
-385862400,9.474371534
-385620480,9.39154403
-385378560,9.523044457
-385136640,9.481929338
-384894720,9.482202381
-384652800,9.364921336
-384410880,9.483203822
-384168960,9.832956888
-383927040,10.08092094
-383685120,10.20578982
-383443200,10.3385725
-383201280,10.26980047
-382959360,10.35691974
-382717440,10.54877348
-382475520,10.25574164
-382233600,10.09448979
-381991680,10.23247162
-381749760,10.08246317
-381507840,10.10774807
-381265920,10.19844392
-381024000,10.13331757
-380782080,10.41159766
-380540160,10.37293843
-380298240,10.40424176
-380056320,10.42776178
-379814400,10.33822746
-379572480,10.2616935
-379330560,10.14094997
-379088640,10.05910803
-378846720,10.06447686
-378604800,10.02473181
-378362880,10.0254178
-378120960,10.19175247
-377879040,10.38955998
-377637120,10.42558357
-377395200,10.20417004
-377153280,10.147118
-376911360,10.16483548
-376669440,10.23831512
-376427520,10.00969754
-376185600,10.05318247
-375943680,9.869218018
-375701760,9.691712171
-375459840,9.572674989
-375217920,9.62227366
-374976000,9.678618068
-374734080,9.5393682
-374492160,9.62888441
-374250240,9.655025322
-374008320,9.684312857
-373766400,9.651061733
-373524480,9.460284661
-373282560,9.19041472
-373040640,9.035689647
-372798720,8.784031028
-372556800,8.780817665
-372314880,8.754204396
-372072960,8.691859914
-371831040,8.651696399
-371589120,8.537747838
-371347200,8.526772031
-371105280,8.49685913
-370863360,8.542911236
-370621440,8.481873202
-370379520,8.45214739
-370137600,8.36759171
-369895680,8.405990933
-369653760,8.10212611
-369411840,8.138840782
-369169920,7.938582644
-368928000,7.973051501
-368686080,7.838280828
-368444160,7.827202543
-368202240,7.970875839
-367960320,7.692720358
-367718400,7.632025473
-367476480,7.711138366
-367234560,7.595697063
-366992640,7.574840693
-366750720,7.570446218
-366508800,7.66895551
-366266880,7.637054255
-366024960,7.677782015
-365783040,7.657205229
-365541120,7.534472758
-365299200,7.511121248
-365057280,7.431347613
-364815360,7.295944113
-364573440,7.264520618
-364331520,7.137312228
-364089600,7.195068851
-363847680,7.26230871
-363605760,7.09065301
-363363840,7.16813472
-363121920,7.35254869
-362880000,7.385478092
-362638080,7.174527783
-362396160,7.008342782
-362154240,6.886149532
-361912320,6.868490353
-361670400,6.875356403
-361428480,6.890559757
-361186560,6.874078691
-360944640,6.814475319
-360702720,6.765543287
-360460800,6.783047821
-360218880,6.906247815
-359976960,6.850398482
-359735040,6.889398078
-359493120,6.690110687
-359251200,6.713081188
-359009280,6.552729644
-358767360,6.565829354
-358525440,6.666458749
-358283520,6.78
-358041600,6.865388084
-357799680,6.84165936
-357557760,6.644637817
-357315840,6.58809366
-357073920,6.628954749
-356832000,6.634065745
-356590080,6.523930643
-356348160,6.61277763
-356106240,6.608967028
-355864320,6.644413147
-355622400,6.510828106
-355380480,6.450456082
-355138560,6.462972051
-354896640,6.532923063
-354654720,6.486788425
-354412800,6.371261359
-354170880,6.339058542
-353928960,6.294016024
-353687040,6.271095536
-353445120,6.206817338
-353203200,6.133887022
-352961280,6.274751042
-352719360,6.205133142
-352477440,6.187165727
-352235520,6.172229421
-351993600,6.014568502
-351751680,5.953606877
-351509760,5.879416572
-351267840,5.828648155
-351025920,5.898174239
-350784000,5.852808817
-350542080,5.81376865
-350300160,5.823519958
-350058240,5.851783315
-349816320,5.597080914
-349574400,5.571944659
-349332480,5.609801731
-349090560,5.463891202
-348848640,5.332290724
-348606720,5.360423899
-348364800,5.244130753
-348122880,5.183105114
-347880960,5.189245568
-347639040,5.03216848
-347397120,4.962407548
-347155200,5.124705316
-346913280,4.888116639
-346671360,4.829815424
-346429440,4.815872786
-346187520,4.82005104
-345945600,4.778338905
-345703680,4.74542862
-345461760,4.595251108
-345219840,4.684029514
-344977920,4.495827799
-344736000,4.457092342
-344494080,4.469545219
-344252160,4.558275973
-344010240,4.568711641
-343768320,4.463144517
-343526400,4.513270742
-343284480,4.440007406
-343042560,4.323810368
-342800640,4.350645272
-342558720,4.259491425
-342316800,4.203442038
-342074880,4.063876529
-341832960,4.054200829
-341591040,3.985925499
-341349120,4.173310801
-341107200,4.137730577
-340865280,4.014289653
-340623360,3.9564474
-340381440,3.872217243
-340139520,3.851399493
-339897600,3.917145375
-339655680,3.924214287
-339413760,3.889546353
-339171840,3.873465234
-338929920,3.877328204
-338688000,3.832194704
-338446080,3.957256316
-338204160,3.743190047
-337962240,3.698756446
-337720320,3.851589951
-337478400,3.706521973
-337236480,3.715838297
-336994560,3.74668485
-336752640,3.622785417
-336510720,3.586282788
-336268800,3.590020142
-336026880,3.564321355
-335784960,3.52396476
-335543040,3.591070154
-335301120,3.521560112
-335059200,3.625734005
-334817280,3.666039948
-334575360,3.81160566
-334333440,3.747
-334091520,3.823462208
-333849600,3.702371699
-333607680,3.558934026
-333365760,3.520641288
-333123840,3.592430168
-332881920,3.623360518
-332640000,3.731432963
-332398080,3.612467811
-332156160,3.537373377
-331914240,3.610917967
-331672320,3.720024525
-331430400,3.580268223
-331188480,3.695424974
-330946560,3.723265931
-330704640,3.697744716
-330462720,3.755216786
-330220800,3.925751352
-329978880,4.022807256
-329736960,4.226969644
-329495040,4.050335292
-329253120,4.196622813
-329011200,4.32581351
-328769280,4.498603835
-328527360,4.609280523
-328285440,4.70876678
-328043520,4.816768112
-327801600,4.997591727
-327559680,5.20350546
-327317760,5.470376749
-327075840,5.543917626
-326833920,5.896420693
-326592000,6.10532753
-326350080,6.268046713
-326108160,6.681548646
-325866240,7.007497257
-325624320,7.319449901
-325382400,7.478889556
-325140480,7.451177495
-324898560,7.505285855
-324656640,7.464153708
-324414720,7.484158246
-324172800,7.518502931
-323930880,7.627434665
-323688960,7.7657886
-323447040,7.970451342
-323205120,8.185078839
-322963200,8.410277303
-322721280,8.336
-322479360,8.563774715
-322237440,8.52747311
-321995520,8.448201965
-321753600,8.351021345
-321511680,8.533897959
-321269760,8.435408422
-321027840,8.705541122
-320785920,8.662080679
-320544000,8.675415922
-320302080,8.707364655
-320060160,9.034622807
-319818240,9.126111402
-319576320,9.140108146
-319334400,9.287086301
-319092480,9.576057339
-318850560,9.456573687
-318608640,9.684654956
-318366720,9.451062572
-318124800,9.647951751
-317882880,9.817625098
-317640960,9.899122726
-317399040,9.791922502
-317157120,9.754673945
-316915200,9.96327506
-316673280,10.11021425
-316431360,9.96908485
-316189440,9.995963102
-315947520,9.906781038
-315705600,9.932199141
-315463680,9.798097884
-315221760,9.890241018
-314979840,10.0194485
-314737920,10.04486826
-314496000,10.02471817
-314254080,10.33874579
-314012160,10.33866135
-313770240,10.6706873
-313528320,10.55385649
-313286400,10.31270601
-313044480,10.3728287
-312802560,10.64390278
-312560640,10.45264549
-312318720,10.48637909
-312076800,10.25249008
-311834880,10.26768312
-311592960,10.36820374
-311351040,10.39658455
-311109120,10.27337401
-310867200,10.34311465
-310625280,10.26930468
-310383360,10.29580118
-310141440,10.23207502
-309899520,10.2246149
-309657600,10.23112393
-309415680,10.15593803
-309173760,10.05229703
-308931840,10.08164213
-308689920,10.09599884
-308448000,10.39115396
-308206080,10.51793801
-307964160,10.45803183
-307722240,10.19314198
-307480320,10.03655498
-307238400,10.01714244
-306996480,9.946213294
-306754560,9.747
-306512640,9.738948299
-306270720,9.591046442
-306028800,9.581885975
-305786880,9.560120836
-305544960,9.574137292
-305303040,9.241902667
-305061120,9.255786857
-304819200,9.326060482
-304577280,9.196555817
-304335360,9.037774712
-304093440,8.997519014
-303851520,8.862131959
-303609600,8.877020891
-303367680,8.634340335
-303125760,8.505717693
-302883840,8.428710468
-302641920,8.52795809
-302400000,8.166786013
-302158080,8.138
-301916160,8.049536798
-301674240,7.904609462
-301432320,7.989915765
-301190400,8.151718178
-300948480,7.941991555
-300706560,7.935495239
-300464640,8.05058914
-300222720,7.834412822
-299980800,7.629485973
-299738880,7.777062556
-299496960,7.845051611
-299255040,7.891854465
-299013120,7.746202351
-298771200,7.464829806
-298529280,7.32062534
-298287360,7.260260382
-298045440,7.269503323
-297803520,7.286710572
-297561600,7.228412702
-297319680,7.143778991
-297077760,7.054380885
-296835840,7.081367472
-296593920,6.905619918
-296352000,7.082812692
-296110080,7.061334421
-295868160,7.004957925
-295626240,6.865477224
-295384320,6.952895751
-295142400,6.962938085
-294900480,7.197021541
-294658560,7.092860749
-294416640,6.989523869
-294174720,6.864730783
-293932800,6.710295995
-293690880,6.96823798
-293448960,6.961420566
-293207040,6.799570785
-292965120,6.814532095
-292723200,6.799564003
-292481280,6.852242139
-292239360,7.018421034
-291997440,7.036353436
-291755520,6.978460284
-291513600,6.87010203
-291271680,6.573635737
-291029760,6.542832851
-290787840,6.512547779
-290545920,6.708077723
-290304000,6.55675651
-290062080,6.456400578
-289820160,6.503456162
-289578240,6.544384697
-289336320,6.452073332
-289094400,6.407069865
-288852480,6.411557004
-288610560,6.620477575
-288368640,6.820009602
-288126720,6.750873278
-287884800,6.660037423
-287642880,6.740740065
-287400960,6.688811314
-287159040,6.659281794
-286917120,6.635145284
-286675200,6.629432133
-286433280,6.654016981
-286191360,6.723907809
-285949440,6.659136034
-285707520,6.64595477
-285465600,6.742672452
-285223680,6.742293782
-284981760,6.653574091
-284739840,6.588912998
-284497920,6.458521396
-284256000,6.367520806
-284014080,6.329668006
-283772160,6.347491405
-283530240,6.388838397
-283288320,6.483323123
-283046400,6.320208803
-282804480,6.269471871
-282562560,6.065651557
-282320640,6.018585496
-282078720,6.059423533
-281836800,6.106455767
-281594880,6.009724392
-281352960,5.986409256
-281111040,5.997116278
-280869120,6.088091673
-280627200,5.961320568
-280385280,6.055590204
-280143360,5.947257505
-279901440,5.917852437
-279659520,5.882823948
-279417600,5.823996053
-279175680,5.76477989
-278933760,5.701973352
-278691840,5.673993176
-278449920,5.654894594
-278208000,5.610203089
-277966080,5.567104095
-277724160,5.486369269
-277482240,5.621264539
-277240320,5.437170069
-276998400,5.470167491
-276756480,5.500999363
-276514560,5.361942335
-276272640,5.337610035
-276030720,5.346415025
-275788800,5.343481029
-275546880,5.106368272
-275304960,4.882495956
-275063040,4.943350311
-274821120,4.938238688
-274579200,4.953659133
-274337280,4.902049747
-274095360,4.828123585
-273853440,4.911547714
-273611520,4.839013545
-273369600,4.949850658
-273127680,4.976630764
-272885760,4.713093277
-272643840,4.558303798
-272401920,4.513053066
-272160000,4.608401133
-271918080,4.53215011
-271676160,4.696388558
-271434240,4.542123378
-271192320,4.397217325
-270950400,4.293020062
-270708480,4.298966644
-270466560,4.273593785
-270224640,4.347726865
-269982720,4.322178632
-269740800,4.257677036
-269498880,4.185993391
-269256960,4.24373584
-269015040,4.235964361
-268773120,4.402076365
-268531200,4.188900487
-268289280,4.192902154
-268047360,4.047666982
-267805440,4.172603578
-267563520,4.084211338
-267321600,4.12255692
-267079680,4.028178822
-266837760,3.922617389
-266595840,3.900906317
-266353920,3.963086435
-266112000,3.951066523
-265870080,3.987158351
-265628160,3.876022925
-265386240,3.765717814
-265144320,3.791801991
-264902400,3.790688591
-264660480,3.757780341
-264418560,3.864668775
-264176640,3.765645078
-263934720,3.706814236
-263692800,3.602968341
-263450880,3.692731476
-263208960,3.802612383
-262967040,3.872447289
-262725120,3.807618054
-262483200,3.749837091
-262241280,3.856351251
-261999360,3.886358583
-261757440,3.8968191
-261515520,3.936189415
-261273600,3.854600199
-261031680,3.882938441
-260789760,3.89072921
-260547840,3.948867549
-260305920,4.008541554
-260064000,4.251828753
-259822080,4.204645263
-259580160,4.24185779
-259338240,4.379623545
-259096320,4.44109972
-258854400,4.514694664
-258612480,4.811096006
-258370560,4.941915191
-258128640,5.170531397
-257886720,5.356495839
-257644800,5.566084789
-257402880,5.596036604
-257160960,5.768917161
-256919040,5.963851586
-256677120,6.204019164
-256435200,6.581674044
-256193280,6.749663056
-255951360,6.902949263
-255709440,7.312355034
-255467520,7.484298225
-255225600,7.574800447
-254983680,7.657099113
-254741760,7.756069806
-254499840,7.668867599
-254257920,7.875263558
-254016000,7.899741258
-253774080,7.991310971
-253532160,8.183110733
-253290240,8.384647979
-253048320,8.272376197
-252806400,8.429634362
-252564480,8.574809342
-252322560,7.630200529
-252080640,8.242917034
-251838720,9.101204253
-251596800,8.607053711
-251354880,8.550619395
-251112960,8.558642971
-250871040,8.68553437
-250629120,8.983722357
-250387200,9.025150007
-250145280,8.981532519
-249903360,8.936962584
-249661440,9.005411488
-249419520,9.529810441
-249177600,9.70070321
-248935680,9.787903144
-248693760,9.743146
-248451840,7.15911096
-248209920,6.570123287
-247968000,6.430678857
-247726080,6.582553926
-247484160,6.6029906
-247242240,6.609517384
-247000320,6.648464458
-246758400,6.760993804
-246516480,9.371523829
-246274560,9.915632202
-246032640,9.68354677
-245790720,9.450153852
-245548800,9.373483913
-245306880,9.342249961
-245064960,9.44647822
-244823040,9.625447585
-244581120,9.696368563
-244339200,9.436056674
-244097280,9.952368731
-243855360,10.21378418
-243613440,9.991095363
-243371520,9.854578645
-243129600,10.04889169
-242887680,10.02809591
-242645760,10.11728603
-242403840,10.05582373
-242161920,9.833401717
-241920000,9.888613082
-241678080,10.14756447
-241436160,10.3557236
-241194240,10.35550309
-240952320,10.43852534
-240710400,10.38180796
-240468480,10.24206423
-240226560,8.209794977
-239984640,7.512177355
-239742720,7.135089198
-239500800,7.197275446
-239258880,7.171189739
-239016960,7.151134084
-238775040,7.08833848
-238533120,7.090380435
-238291200,6.968069125
-238049280,6.82769737
-237807360,6.7967726
-237565440,6.865248186
-237323520,6.873056351
-237081600,6.725694086
-236839680,6.681020582
-236597760,6.530784071
-236355840,6.506723323
-236113920,6.519631327
-235872000,6.582308367
-235630080,6.548130415
-235388160,6.571652064
-235146240,6.503706587
-234904320,6.366466941
-234662400,6.249608348
-234420480,6.233439953
-234178560,6.095729589
-233936640,6.03298733
-233694720,5.970236607
-233452800,5.972552645
-233210880,5.876831341
-232968960,5.835181727
-232727040,5.902455335
-232485120,5.942279455
-232243200,5.660116765
-232001280,5.584278936
-231759360,5.587521268
-231517440,5.620938625
-231275520,5.582253516
-231033600,5.607901077
-230791680,5.371100609
-230549760,5.31821734
-230307840,5.258654008
-230065920,5.220215966
-229824000,5.195176558
-229582080,5.241602343
-229340160,5.111525811
-229098240,5.204067135
-228856320,5.187887036
-228614400,5.108799998
-228372480,5.047495774
-228130560,5.100700078
-227888640,5.049589141
-227646720,5.137912347
-227404800,5.140217565
-227162880,5.152972896
-226920960,5.114135711
-226679040,4.99131053
-226437120,4.897478986
-226195200,4.938574051
-225953280,4.937071321
-225711360,4.828139954
-225469440,4.893760794
-225227520,5.166260129
-224985600,5.058782993
-224743680,5.0059379
-224501760,5.085119029
-224259840,5.032239209
-224017920,5.010917365
-223776000,4.95821646
-223534080,4.652777197
-223292160,4.439094116
-223050240,4.45766575
-222808320,4.402995911
-222566400,4.381081303
-222324480,4.436692059
-222082560,4.34911139
-221840640,4.427944243
-221598720,4.533401041
-221356800,4.59600759
-221114880,4.606634812
-220872960,4.698114838
-220631040,4.579521729
-220389120,4.399995027
-220147200,4.372740893
-219905280,4.441832566
-219663360,4.445202937
-219421440,4.489019249
-219179520,4.394521178
-218937600,4.382922831
-218695680,4.378637852
-218453760,4.469043158
-218211840,4.364200394
-217969920,4.351905293
-217728000,4.350567708
-217486080,4.2993605
-217244160,4.224163644
-217002240,4.353870514
-216760320,4.271569192
-216518400,4.331561284
-216276480,4.20907407
-216034560,4.293207633
-215792640,4.301965736
-215550720,4.304488204
-215308800,4.329689635
-215066880,4.297663555
-214824960,4.21852788
-214583040,4.151136876
-214341120,4.053196897
-214099200,4.028782532
-213857280,3.960511889
-213615360,3.981223912
-213373440,3.956880568
-213131520,3.906711626
-212889600,4.031972928
-212647680,4.032518291
-212405760,3.854582716
-212163840,3.974360411
-211921920,3.845056024
-211680000,3.802464201
-211438080,3.839406165
-211196160,3.746017835
-210954240,3.687992003
-210712320,3.785315923
-210470400,3.721369705
-210228480,3.569550722
-209986560,3.495497137
-209744640,3.451341297
-209502720,3.409877233
-209260800,3.331149244
-209018880,3.202502161
-208776960,3.199385987
-208535040,3.112430304
-208293120,3.109217139
-208051200,3.124989742
-207809280,3.258379922
-207567360,3.155216105
-207325440,3.105462012
-207083520,3.004437505
-206841600,2.921903696
-206599680,2.930849304
-206357760,3.003461037
-206115840,2.863772793
-205873920,2.857207416
-205632000,2.769962313
-205390080,2.831838279
-205148160,2.830566355
-204906240,2.861453761
-204664320,2.839200463
-204422400,2.796547827
-204180480,2.828243667
-203938560,2.782084174
-203696640,2.738826881
-203454720,2.815699431
-203212800,2.676073846
-202970880,2.701667691
-202728960,2.627252441
-202487040,2.583433307
-202245120,2.553138288
-202003200,2.653737807
-201761280,2.601122009
-201519360,2.533149819
-201277440,2.586396528
-201035520,2.467909167
-200793600,2.431306642
-200551680,2.432016329
-200309760,2.402463383
-200067840,2.371698046
-199825920,2.332549815
-199584000,2.311557862
-199342080,2.296403154
-199100160,2.434366034
-198858240,2.32997164
-198616320,2.294980869
-198374400,2.338900154
-198132480,2.301862561
-197890560,2.295581765
-197648640,2.320915257
-197406720,2.288896432
-197164800,2.245302197
-196922880,2.230655881
-196680960,2.209184459
-196439040,2.331024109
-196197120,2.411362359
-195955200,2.443089164
-195713280,2.443650058
-195471360,2.438823258
-195229440,2.528511522
-194987520,2.491002805
-194745600,2.541158607
-194503680,2.433517643
-194261760,2.409250292
-194019840,2.417583269
-193777920,2.414990471
-193536000,2.394038201
-193294080,2.432553734
-193052160,2.430959752
-192810240,2.421954951
-192568320,2.465195702
-192326400,2.510070624
-192084480,2.495700569
-191842560,2.538687198
-191600640,2.511335811
-191358720,2.597075993
-191116800,2.608782898
-190874880,2.682600419
-190632960,2.728907841
-190391040,2.88989416
-190149120,2.886805224
-189907200,2.90551451
-189665280,2.98260691
-189423360,3.080899912
-189181440,3.090614256
-188939520,3.31153622
-188697600,3.358369223
-188455680,3.472383969
-188213760,3.656094785
-187971840,3.786819553
-187729920,3.814399384
-187488000,4.042430946
-187246080,4.22283365
-187004160,4.425571338
-186762240,4.520703338
-186520320,4.781152774
-186278400,4.937727169
-186036480,5.244137218
-185794560,5.274827687
-185552640,5.371378469
-185310720,5.407037224
-185068800,5.475503736
-184826880,5.513441201
-184584960,5.71816622
-184343040,5.820892431
-184101120,5.780288062
-183859200,5.835481474
-183617280,6.110461609
-183375360,6.134635022
-183133440,6.173436183
-182891520,6.241584586
-182649600,6.147958813
-182407680,6.264300287
-182165760,6.217689629
-181923840,6.083211731
-181681920,6.078222463
-181440000,6.097320126
-181198080,6.176226661
-180956160,6.342227343
-180714240,6.543679136
-180472320,6.500827681
-180230400,6.796777131
-179988480,6.66145852
-179746560,6.798180373
-179504640,6.855345328
-179262720,6.733399721
-179020800,6.752903968
-178778880,6.653114098
-178536960,6.651473514
-178295040,6.793626761
-178053120,6.697119065
-177811200,6.830007547
-177569280,6.711391358
-177327360,6.795448722
-177085440,6.796927972
-176843520,6.792422659
-176601600,6.752225466
-176359680,6.739464005
-176117760,6.596105983
-175875840,6.637356522
-175633920,6.55381158
-175392000,6.559179225
-175150080,6.651224412
-174908160,6.80190198
-174666240,6.823128959
-174424320,6.87741714
-174182400,7.033260573
-173940480,6.996765396
-173698560,6.99030378
-173456640,6.925033348
-173214720,6.94409773
-172972800,6.938433012
-172730880,6.92909897
-172488960,7.048228586
-172247040,7.105462252
-172005120,7.096381979
-171763200,7.226521209
-171521280,7.065314408
-171279360,6.964268599
-171037440,7.127402921
-170795520,7.158023812
-170553600,7.097586864
-170311680,7.057687227
-170069760,7.011147518
-169827840,6.979312443
-169585920,7.036190883
-169344000,6.973560731
-169102080,7.043285205
-168860160,6.95188367
-168618240,6.912903821
-168376320,7.01260851
-168134400,6.979539794
-167892480,6.924781444
-167650560,6.931346443
-167408640,6.611508357
-167166720,6.549472204
-166924800,6.65142628
-166682880,6.378023974
-166440960,6.3682157
-166199040,6.510829561
-165957120,6.350109442
-165715200,6.17944142
-165473280,6.25848028
-165231360,6.432534389
-164989440,6.28717099
-164747520,6.267671483
-164505600,6.129992659
-164263680,6.071134969
-164021760,5.811851206
-163779840,5.894287118
-163537920,5.781836263
-163296000,5.684024851
-163054080,5.732253247
-162812160,5.843511189
-162570240,5.792007351
-162328320,5.637909156
-162086400,5.560566845
-161844480,5.481288674
-161602560,5.457450327
-161360640,5.434919483
-161118720,5.443648541
-160876800,5.265095923
-160634880,5.222307469
-160392960,5.240941091
-160151040,5.151269704
-159909120,5.251103794
-159667200,5.236874761
-159425280,5.107203016
-159183360,5.082684637
-158941440,5.219129183
-158699520,5.117147729
-158457600,5.120561092
-158215680,5.126018798
-157973760,5.045277741
-157731840,5.013277
-157489920,5.001531242
-157248000,4.938100743
-157006080,5.022033305
-156764160,4.98938462
-156522240,5.034955018
-156280320,4.816764748
-156038400,4.723134492
-155796480,4.817486277
-155554560,4.832837816
-155312640,4.751285342
-155070720,4.59985918
-154828800,4.618174804
-154586880,4.64978812
-154344960,4.525368253
-154103040,4.661050758
-153861120,4.512560113
-153619200,4.487913135
-153377280,4.427558058
-153135360,4.410843163
-152893440,4.360255083
-152651520,4.395761499
-152409600,4.425424936
-152167680,4.404819619
-151925760,4.367407056
-151683840,4.416191291
-151441920,4.304639382
-151200000,4.369910579
-150958080,4.289562999
-150716160,4.190731313
-150474240,4.121461299
-150232320,4.297134565
-149990400,4.267056058
-149748480,4.244740528
-149506560,4.26425446
-149264640,4.279080141
-149022720,4.234433422
-148780800,4.224361837
-148538880,4.191238656
-148296960,4.229372415
-148055040,4.135699527
-147813120,4.060291946
-147571200,4.028236563
-147329280,4.044126347
-147087360,3.986220181
-146845440,4.027453099
-146603520,3.965791445
-146361600,4.028654393
-146119680,4.001910645
-145877760,4.01088768
-145635840,4.017907043
-145393920,3.99638392
-145152000,3.951472969
-144910080,3.89999526
-144668160,3.795574303
-144426240,3.843092764
-144184320,3.794245362
-143942400,3.779583419
-143700480,3.779468022
-143458560,3.718440207
-143216640,3.696549115
-142974720,3.649593933
-142732800,3.605125681
-142490880,3.740202795
-142248960,3.629694733
-142007040,3.569049829
-141765120,3.525286694
-141523200,3.507648176
-141281280,3.489205076
-141039360,3.525433853
-140797440,3.498705775
-140555520,3.489289914
-140313600,3.472735194
-140071680,3.380222357
-139829760,3.306975613
-139587840,3.258628318
-139345920,3.253646036
-139104000,3.186563008
-138862080,3.178260006
-138620160,3.149497049
-138378240,3.101263187
-138136320,3.181079773
-137894400,3.104419022
-137652480,2.983880759
-137410560,2.905886478
-137168640,2.880548146
-136926720,2.820075383
-136684800,2.863988988
-136442880,2.826015091
-136200960,2.83814835
-135959040,2.783504966
-135717120,2.756471968
-135475200,2.762098716
-135233280,2.820496054
-134991360,2.715835448
-134749440,2.667869535
-134507520,2.638442538
-134265600,2.673393006
-134023680,2.674192766
-133781760,2.716506715
-133539840,2.591798617
-133297920,2.589542412
-133056000,2.524667391
-132814080,2.542378934
-132572160,2.504092234
-132330240,2.544325358
-132088320,2.475502574
-131846400,2.426045041
-131604480,2.410751882
-131362560,2.425549322
-131120640,2.398354445
-130878720,2.399959457
-130636800,2.385018208
-130394880,2.360056548
-130152960,2.311876944
-129911040,2.310738859
-129669120,2.25374464
-129427200,2.349746684
-129185280,2.274721045
-128943360,2.303057621
-128701440,2.259682258
-128459520,2.273041412
-128217600,2.234067554
-127975680,2.281108552
-127733760,2.20346185
-127491840,2.192087697
-127249920,2.17006835
-127008000,2.167638065
-126766080,2.171789137
-126524160,2.288880836
-126282240,2.239111547
-126040320,2.156664685
-125798400,2.149717188
-125556480,2.199176862
-125314560,2.221959498
-125072640,2.2195812
-124830720,2.125984662
-124588800,2.09573969
-124346880,2.104932822
-124104960,2.13558236
-123863040,2.189260242
-123621120,2.263744967
-123379200,2.198235022
-123137280,2.193824855
-122895360,2.230809345
-122653440,2.363087408
-122411520,2.366368391
-122169600,2.448289116
-121927680,2.519448331
-121685760,2.444751172
-121443840,2.478411751
-121201920,2.530218736
-120960000,2.56447393
-120718080,2.750503708
-120476160,2.726043331
-120234240,2.731827554
-119992320,2.861260682
-119750400,3.054170608
-119508480,3.116291063
-119266560,3.278474699
-119024640,3.312133733
-118782720,3.382829301
-118540800,3.455365688
-118298880,3.653619423
-118056960,3.758921073
-117815040,3.958338349
-117573120,4.210566427
-117331200,4.335673485
-117089280,4.53739645
-116847360,4.723963556
-116605440,4.814082669
-116363520,5.068663957
-116121600,5.140650944
-115879680,5.179374872
-115637760,5.254907223
-115395840,5.362887138
-115153920,5.326144544
-114912000,5.347116714
-114670080,5.376382313
-114428160,5.369728973
-114186240,5.718382538
-113944320,5.861954781
-113702400,5.646643884
-113460480,5.874163367
-113218560,5.758587193
-112976640,5.822916321
-112734720,5.724670182
-112492800,5.993330975
-112250880,5.845686794
-112008960,5.868527757
-111767040,5.864162022
-111525120,5.848723099
-111283200,5.975
-111041280,6.191489126
-110799360,6.310356234
-110557440,6.674859387
-110315520,6.764544333
-110073600,6.556518318
-109831680,6.631312182
-109589760,6.297485879
-109347840,6.212626755
-109105920,6.03696376
-108864000,6.229903197
-108622080,6.121129556
-108380160,6.037340112
-108138240,6.116268436
-107896320,6.138256118
-107654400,6.205238163
-107412480,6.328568245
-107170560,6.338841492
-106928640,6.381195737
-106686720,6.544081083
-106444800,6.248406902
-106202880,6.156097404
-105960960,6.154236436
-105719040,6.193331362
-105477120,6.153475908
-105235200,4.894370381
-104993280,5.616327189
-104751360,5.949519612
-104509440,6.118773209
-104267520,6.174234127
-104025600,6.231687029
-103783680,6.346793629
-103541760,6.179058731
-103299840,6.186147989
-103057920,6.229065365
-102816000,6.295872318
-102574080,6.455583856
-102332160,6.695234271
-102090240,6.582
-101848320,6.618434095
-101606400,6.457325229
-101364480,6.554356357
-101122560,6.436365519
-100880640,6.652301949
-100638720,6.527988817
-100396800,6.627047837
-100154880,6.715132059
-99912960,6.669859217
-99671040,6.708029568
-99429120,6.511402967
-99187200,6.453957199
-98945280,6.641085032
-98703360,6.535906316
-98461440,6.546012746
-98219520,6.349835935
-97977600,6.218393761
-97735680,6.044989853
-97493760,6.121750831
-97251840,5.942697623
-97009920,5.807813193
-96768000,5.806935299
-96526080,5.76277356
-96284160,5.592685794
-96042240,5.589147331
-95800320,5.559691559
-95558400,5.451468166
-95316480,5.427880675
-95074560,5.30758887
-94832640,5.138427735
-94590720,5.098618764
-94348800,5.034116241
-94106880,4.835457821
-93864960,4.689895187
-93623040,4.803273397
-93381120,4.738726894
-93139200,4.567184525
-92897280,4.570099507
-92655360,4.553722913
-92413440,4.469382607
-92171520,4.421725514
-91929600,4.388581223
-91687680,4.462920606
-91445760,4.366402297
-91203840,4.536839653
-90961920,4.597230682
-90720000,4.343703498
-90478080,4.191135747
-90236160,4.323290461
-89994240,4.212514568
-89752320,4.269891533
-89510400,4.210188844
-89268480,4.260930895
-89026560,4.217319937
-88784640,4.301776975
-88542720,4.228345759
-88300800,4.305855396
-88058880,4.273558451
-87816960,4.27778968
-87575040,4.231796174
-87333120,4.209845587
-87091200,4.219251418
-86849280,4.230119741
-86607360,4.258060659
-86365440,4.419317187
-86123520,4.477576322
-85881600,4.432808591
-85639680,4.205619393
-85397760,4.144860449
-85155840,4.158538586
-84913920,4.183676182
-84672000,4.11699972
-84430080,4.174557261
-84188160,4.088397745
-83946240,4.073260412
-83704320,4.051458661
-83462400,4.098511151
-83220480,4.035917768
-82978560,4.184964299
-82736640,4.150067592
-82494720,4.12592314
-82252800,4.04278106
-82010880,4.034173009
-81768960,3.951330767
-81527040,4.002825984
-81285120,3.848691553
-81043200,3.908729916
-80801280,3.793776073
-80559360,3.89166705
-80317440,3.817260938
-80075520,3.962691321
-79833600,3.90535626
-79591680,3.903126887
-79349760,3.908522138
-79107840,3.921410911
-78865920,3.967791022
-78624000,3.928897073
-78382080,3.922734603
-78140160,3.932728415
-77898240,3.823972853
-77656320,3.752653188
-77414400,3.743213765
-77172480,3.878524127
-76930560,3.806033592
-76688640,3.777397909
-76446720,3.943531125
-76204800,3.920196719
-75962880,3.810817787
-75720960,3.836679986
-75479040,3.831218697
-75237120,3.759021767
-74995200,3.734960335
-74753280,3.781551622
-74511360,3.681304756
-74269440,3.653366745
-74027520,3.564664723
-73785600,3.529120974
-73543680,3.561833078
-73301760,3.592753436
-73059840,3.568293833
-72817920,3.604118025
-72576000,3.511404381
-72334080,3.496536769
-72092160,3.477594302
-71850240,3.519640737
-71608320,3.566906629
-71366400,3.619603918
-71124480,3.545918809
-70882560,3.580011029
-70640640,3.507300339
-70398720,3.463600914
-70156800,3.35958192
-69914880,3.391929173
-69672960,3.364102986
-69431040,3.34485401
-69189120,3.265992073
-68947200,3.23070396
-68705280,3.208587858
-68463360,3.25418286
-68221440,3.192484121
-67979520,3.130113401
-67737600,3.166312937
-67495680,3.085523956
-67253760,3.017947477
-67011840,3.111563857
-66769920,3.057035232
-66528000,3.024071972
-66286080,2.936644711
-66044160,2.974817633
-65802240,3.005527634
-65560320,3.066678714
-65318400,3.017317894
-65076480,2.976697929
-64834560,2.959046646
-64592640,2.95235633
-64350720,2.911077502
-64108800,2.968932044
-63866880,2.86302392
-63624960,2.954953201
-63383040,2.943163106
-63141120,2.78621634
-62899200,2.701281335
-62657280,2.815890835
-62415360,2.722921295
-62173440,2.698367831
-61931520,2.686724921
-61689600,2.616816315
-61447680,2.605040263
-61205760,2.553385416
-60963840,2.476439204
-60721920,2.486850311
-60480000,2.373356351
-60238080,2.356490425
-59996160,2.380252705
-59754240,2.440171898
-59512320,2.352345757
-59270400,2.346295489
-59028480,2.346465962
-58786560,2.440318725
-58544640,2.345272075
-58302720,2.328808174
-58060800,2.278331982
-57818880,2.288117953
-57576960,2.311924896
-57335040,2.305055021
-57093120,2.274846523
-56851200,2.383636569
-56609280,2.338218226
-56367360,2.373209876
-56125440,2.347351538
-55883520,2.358034464
-55641600,2.343028002
-55399680,2.397609181
-55157760,2.376512532
-54915840,2.237045587
-54673920,2.13949998
-54432000,2.193518258
-54190080,2.187143993
-53948160,2.274991095
-53706240,2.221494271
-53464320,2.130550642
-53222400,2.110141194
-52980480,2.143005369
-52738560,2.074161233
-52496640,2.077386472
-52254720,2.111955333
-52012800,2.084826868
-51770880,2.164483313
-51528960,2.158183578
-51287040,2.158624336
-51045120,2.194900429
-50803200,2.219957669
-50561280,2.145336911
-50319360,2.195744648
-50077440,2.206421923
-49835520,2.29291201
-49593600,2.230129145
-49351680,2.248597854
-49109760,2.347709685
-48867840,2.283210181
-48625920,2.286790429
-48384000,2.257922085
-48142080,2.327046915
-47900160,2.334338366
-47658240,2.366720051
-47416320,2.409546177
-47174400,2.372846342
-46932480,2.491130941
-46690560,2.538451603
-46448640,2.432081991
-46206720,2.549198767
-45964800,2.554187914
-45722880,2.581989892
-45480960,2.680010788
-45239040,2.753962943
-44997120,2.768545888
-44755200,2.806110233
-44513280,2.925629012
-44271360,2.821917634
-44029440,2.860222683
-43787520,2.919199937
-43545600,2.962848288
-43303680,2.970131691
-43061760,3.034374671
-42819840,2.9997242
-42577920,3.15247592
-42336000,3.186181994
-42094080,3.071028556
-41852160,3.135670128
-41610240,3.074939146
-41368320,3.053237287
-41126400,3.188359243
-40884480,3.266767439
-40642560,3.234721489
-40400640,3.433104024
-40158720,3.307128186
-39916800,3.32257287
-39674880,3.33841916
-39432960,3.380450116
-39191040,3.368955261
-38949120,3.389638802
-38707200,3.466704856
-38465280,3.530837807
-38223360,3.471681735
-37981440,3.587407174
-37739520,3.600207979
-37497600,3.642010499
-37255680,3.577277586
-37013760,3.53196823
-36771840,3.558063401
-36529920,3.604111196
-36288000,3.611990642
-36046080,3.618935076
-35804160,3.604128362
-35562240,3.676840962
-35320320,3.828282128
-35078400,3.877625779
-34836480,3.857825771
-34594560,3.955370888
-34352640,3.95503048
-34110720,3.947863153
-33868800,4.100484871
-33626880,4.11437495
-33384960,3.954413868
-33143040,4.025441455
-32901120,3.866146426
-32659200,3.927881708
-32417280,4.048813309
-32175360,4.059731735
-31933440,4.035815379
-31691520,4.155993119
-31449600,4.075787619
-31207680,4.070527083
-30965760,4.037559065
-30723840,4.093735132
-30481920,4.100634083
-30240000,4.174353875
-29998080,4.109967196
-29756160,4.152155595
-29514240,4.375014265
-29272320,4.337698199
-29030400,4.235696295
-28788480,4.389314988
-28546560,4.257008888
-28304640,4.228504833
-28062720,4.30035488
-27820800,4.239560479
-27578880,4.212790417
-27336960,4.273717467
-27095040,4.227729374
-26853120,4.177659862
-26611200,4.195683873
-26369280,4.174256073
-26127360,4.071135395
-25885440,4.179051894
-25643520,4.106176331
-25401600,4.109319361
-25159680,4.119679654
-24917760,4.092011658
-24675840,4.102345853
-24433920,4.136387145
-24192000,4.093872593
-23950080,4.058395549
-23708160,4.071824627
-23466240,4.002415913
-23224320,4.039540188
-22982400,4.135027626
-22740480,4.066322596
-22498560,3.979774906
-22256640,3.947794848
-22014720,3.985590788
-21772800,4.046842652
-21530880,3.997230367
-21288960,3.885882381
-21047040,3.875160276
-20805120,3.851044416
-20563200,3.838625619
-20321280,3.896131449
-20079360,3.941724651
-19837440,3.907232711
-19595520,3.842063597
-19353600,3.7331306
-19111680,3.873354901
-18869760,3.831263494
-18627840,3.877864385
-18385920,3.92494527
-18144000,3.999279741
-17902080,3.988487533
-17660160,4.11536157
-17418240,4.231637352
-17176320,4.200623444
-16934400,4.167794324
-16692480,3.980022012
-16450560,3.90880424
-16208640,3.939966291
-15966720,3.971099781
-15724800,4.058243766
-15482880,3.933357741
-15240960,3.857504635
-14999040,3.870528582
-14757120,3.866890052
-14515200,3.87976462
-14273280,3.852177059
-14031360,3.745238066
-13789440,3.748607835
-13547520,3.796130809
-13305600,3.847221289
-13063680,3.832321974
-12821760,3.855572344
-12579840,3.773029677
-12337920,3.77565462
-12096000,3.756177532
-11854080,3.767865359
-11612160,3.827223175
-11370240,3.872501622
-11128320,3.773033472
-10886400,3.7877714
-10644480,3.858491561
-10402560,3.82970535
-10160640,3.75760527
-9918720,3.79447617
-9676800,3.813144978
-9434880,3.786611365
-9192960,3.855214788
-8951040,3.824934807
-8709120,3.800723544
-8467200,3.846849862
-8225280,3.813129803
-7983360,3.689093974
-7741440,3.725295708
-7499520,3.716921799
-7257600,3.643954657
-7015680,3.724122367
-6773760,3.745896203
-6531840,3.73797047
-6289920,3.748189842
-6048000,3.774619217
-5806080,3.812454946
-5564160,3.773415006
-5322240,3.745483871
-5080320,3.678891855
-4838400,3.646614555
-4596480,3.578432227
-4354560,3.870354357
-4112640,4.330551342
-3870720,4.242260835
-3628800,4.226558244
-3386880,4.217135174
-3144960,4.147212094
-2903040,4.102501463
-2661120,4.162604104
-2419200,4.170491337
-2177280,4.110084919
-1935360,4.010992779
-1693440,3.997048286
-1451520,3.803136086
-1209600,3.884355204
-967680,3.835859931
-725760,3.795228072
-483840,3.813117189
-241920,3.760651468
0,3.769697209